-- INSERT INTO nas tabelas do banco
USE e_commerce;
desc boleto;
insert into boleto (codigobarras) values ('3139'),('7677'),('6515'),('3191'),('9389'),('7851'),('1152'),('1937'),('6616'),('7873'),('9924'),('7898'),('9558'),('9574'),('3585'),('3712'),('2228'),('6644'),('1529'),('3684'),('7322'),('4586'),('7527'),('4267'),('4954'),('7225'),('6518'),('4988'),('5541'),('1516'),('3684'),('8223'),('4939'),('7768'),('6144'),('8326'),('8557'),('1366'),('2721'),('1273'),('7421'),('1611'),('9938'),('9841'),('6893'),('7374'),('2862'),('5773'),('1891'),('6657'),('5636'),('2337'),('9514'),('6972'),('7749'),('3729'),('4798'),('4376'),('9575'),('1898'),('7774'),('3296'),('5149'),('1684'),('7835'),('2464'),('5877'),('8197'),('6719'),('1544'),('3914'),('7626'),('5722'),('7734'),('9798'),('9778'),('8669'),('4646'),('8711'),('8532'),('8477'),('5521'),('7323'),('6926'),('5549'),('9485'),('3313'),('1436'),('8522'),('1271'),('5543'),('1748'),('1847'),('8773'),('1341'),('5322'),('1341'),('6374'),('8498'),('1424'),('4671'),('1438'),('1241'),('7486'),('3498'),('5779'),('4581'),('5226'),('1726'),('3757'),('9968'),('3377'),('3369'),('3135'),('4955'),('4118'),('3718'),('3135'),('9115'),('6581'),('2675'),('9919'),('6598'),('7147'),('2833'),('5335'),('8439'),('6387'),('2664'),('9666'),('8374'),('9319'),('5561'),('8833'),('2829'),('6885'),('3217'),('1361'),('7571'),('3633'),('7972'),('3743'),('4417'),('6661'),('9528'),('2668'),('3865'),('1754'),('1485'),('8797');

desc cartao;
insert into cartao (tipo, validade, emissao, nome_dono, numero, cvv, parcelado, qtdparc) values ('CREDITO',	'1/2024',	'1/2018',	'Simon Walsh',	'196922672',	'709',	'1',	'0'),
('DEBITO',	'9/2027',	'7/2018',	'Jasmine Miller',	'219969396',	'829',	'0',	'5'),
('DEBITO',	'8/2027',	'1/2019',	'Liam Brown',	'135983485',	'881',	'0',	'5'),
('DEBITO',	'12/2026',	'8/2019',	'Trevor Parr',	'170541845',	'191',	'0',	'2'),
('CREDITO',	'9/2024',	'1/2019',	'Deirdre Pullman',	'186408963',	'869',	'1',	'0'),
('DEBITO',	'2/2024',	'11/2018',	'Ava Coleman',	'118921542',	'526',	'0',	'5'),
('DEBITO',	'3/2025',	'12/2018',	'Dorothy Thomson',	'217018467',	'960',	'0',	'8'),
('DEBITO',	'4/2028',	'2/2021',	'Lisa Knox',	'119331183',	'189',	'0',	'2'),
('CREDITO',	'3/2028',	'8/2020',	'Ruth Campbell',	'149416179',	'741',	'1',	'0'),
('CREDITO',	'8/2027',	'6/2021',	'Dominic Parr',	'144015347',	'583',	'1',	'0'),
('DEBITO',	'4/2027',	'5/2019',	'Dominic Lewis',	'122677746',	'573',	'0',	'1'),
('DEBITO',	'3/2025',	'5/2019',	'Benjamin Grant',	'203730317',	'271',	'0',	'5'),
('DEBITO',	'9/2026',	'7/2020',	'Ryan MacDonald',	'129238551',	'960',	'0',	'10'),
('DEBITO',	'1/2026',	'4/2018',	'Thomas Lawrence',	'111720941',	'359',	'0',	'4'),
('DEBITO',	'7/2027',	'5/2018',	'Madeleine Marshall',	'200614464',	'541',	'0',	'7'),
('DEBITO',	'6/2024',	'12/2020',	'Nicholas Newman',	'214031748',	'320',	'0',	'11'),
('CREDITO',	'8/2028',	'7/2019',	'Grace Hill',	'163874602',	'567',	'1',	'0'),
('DEBITO',	'3/2024',	'6/2018',	'Samantha Coleman',	'168152205',	'142',	'0',	'4'),
('CREDITO',	'10/2025',	'8/2018',	'William Ince',	'218781488',	'653',	'1',	'0'),
('CREDITO',	'5/2028',	'8/2018',	'Audrey Jones',	'116054202',	'297',	'1',	'0'),
('DEBITO',	'9/2027',	'10/2019',	'Boris Johnston',	'192723838',	'385',	'0',	'1'),
('CREDITO',	'2/2027',	'10/2018',	'Jason Butler',	'162416294',	'135',	'1',	'0'),
('DEBITO',	'7/2025',	'7/2019',	'Deirdre McDonald',	'172847952',	'796',	'0',	'8'),
('CREDITO',	'5/2025',	'1/2019',	'Carl Quinn',	'148836176',	'995',	'1',	'0'),
('CREDITO',	'9/2026',	'10/2021',	'Jennifer Hughes',	'130247719',	'314',	'1',	'0'),
('DEBITO',	'12/2027',	'7/2018',	'Richard Fraser',	'139435791',	'245',	'0',	'11'),
('CREDITO',	'2/2026',	'7/2019',	'Rachel McGrath',	'112595331',	'638',	'1',	'0'),
('CREDITO',	'10/2027',	'2/2018',	'Alison Fisher',	'192801756',	'604',	'1',	'0'),
('DEBITO',	'2/2025',	'1/2020',	'Lucas Mackenzie',	'150906836',	'999',	'0',	'12'),
('CREDITO',	'1/2024',	'7/2020',	'Luke Wilkins',	'154346771',	'515',	'1',	'0'),
('CREDITO',	'12/2025',	'4/2019',	'Megan Bell',	'130177687',	'628',	'1',	'0'),
('CREDITO',	'5/2028',	'10/2020',	'Warren Edmunds',	'125204308',	'226',	'1',	'0'),
('CREDITO',	'6/2024',	'8/2018',	'Grace Chapman',	'214507654',	'717',	'1',	'0'),
('CREDITO',	'2/2026',	'12/2018',	'Jake Wilson',	'194045241',	'354',	'1',	'0'),
('CREDITO',	'1/2024',	'8/2018',	'Karen Dyer',	'144258809',	'372',	'1',	'0'),
('DEBITO',	'3/2027',	'4/2020',	'Yvonne Thomson',	'148590961',	'413',	'0',	'2'),
('CREDITO',	'1/2026',	'1/2021',	'Sophie Gill',	'187556224',	'337',	'1',	'0'),
('DEBITO',	'10/2024',	'1/2020',	'Robert Cornish',	'147055112',	'224',	'0',	'12'),
('CREDITO',	'10/2028',	'5/2018',	'Luke Martin',	'184462007',	'968',	'1',	'0'),
('DEBITO',	'11/2024',	'2/2021',	'Gavin Pullman',	'183034406',	'202',	'0',	'10'),
('CREDITO',	'10/2028',	'7/2021',	'Edward Terry',	'180465413',	'412',	'1',	'0'),
('DEBITO',	'11/2024',	'3/2020',	'Diane Black',	'184150412',	'150',	'0',	'3'),
('CREDITO',	'6/2027',	'1/2021',	'Jake Morgan',	'137215315',	'795',	'1',	'0'),
('CREDITO',	'8/2024',	'3/2020',	'Yvonne Churchill',	'219796506',	'889',	'1',	'0'),
('CREDITO',	'12/2024',	'11/2021',	'Dorothy Johnston',	'132353900',	'175',	'1',	'0'),
('DEBITO',	'12/2025',	'1/2019',	'Lisa Berry',	'122826548',	'651',	'0',	'8'),
('DEBITO',	'10/2028',	'5/2018',	'Leah Nolan',	'138519448',	'825',	'0',	'5'),
('CREDITO',	'8/2025',	'1/2019',	'Carolyn Lewis',	'205127764',	'235',	'1',	'0'),
('CREDITO',	'7/2026',	'2/2018',	'Simon Ball',	'218246843',	'458',	'1',	'0'),
('DEBITO',	'4/2024',	'2/2021',	'Charles Nolan',	'162751086',	'622',	'0',	'2'),
('DEBITO',	'8/2025',	'6/2018',	'Sophie Wilkins',	'148278268',	'874',	'0',	'12'),
('DEBITO',	'10/2024',	'8/2019',	'Kimberly James',	'210318221',	'971',	'0',	'5'),
('DEBITO',	'6/2026',	'12/2018',	'Madeleine Ellison',	'203053247',	'806',	'0',	'10'),
('DEBITO',	'4/2024',	'6/2018',	'Irene MacLeod',	'205246432',	'150',	'0',	'2'),
('DEBITO',	'2/2028',	'2/2018',	'Cameron Taylor',	'118261077',	'193',	'0',	'12'),
('CREDITO',	'3/2025',	'2/2018',	'Liam Gibson',	'214702317',	'888',	'1',	'0'),
('CREDITO',	'2/2024',	'12/2020',	'Donna Knox',	'119524442',	'660',	'1',	'0'),
('DEBITO',	'11/2028',	'2/2019',	'Piers Morgan',	'182668145',	'701',	'0',	'7'),
('DEBITO',	'1/2026',	'6/2019',	'Phil Randall',	'190904854',	'881',	'0',	'6'),
('DEBITO',	'9/2028',	'3/2021',	'Ryan White',	'191312162',	'292',	'0',	'4'),
('CREDITO',	'4/2027',	'10/2021',	'Kylie Howard',	'164031274',	'340',	'1',	'0'),
('DEBITO',	'10/2026',	'11/2018',	'Fiona Bell',	'146101514',	'355',	'0',	'2');


select * from cartao;

desc categoria;
insert into categoria(nome) values ('acessorios'), ('calcados'), ('eletronico');

desc estado;
insert into estado (estado, uf, pais) values ('PARA', 'PA', 'BRASIL'), ('AMAZONAS', 'AM', 'BRASIL'), ('AMAPA', 'AP', 'BRASIL'), ('ACRE', 'AC', 'BRASIL');
select * from estado;

desc cidade;
insert into cidade (nome, idestado) values ('BELEM', 1), ('ANANINDEUA', 1), ('MARITUBA',1), ('BENEVIDES',1), ('MANAUS', 2), ('PARINTINS', 2), ('AUTAZES', 2), ('MAUES', 2), ('AMAPA', 3), ('MACAPA', 3), ('OIAPOQUE', 3), ('SANTANA', 3), ('FEIJO', 4), ('XAPURI', 4), ('ACRELANDIA', 4), ('JORDAO', 4);
select * from cidade;

desc endereco;
insert into endereco (rua, numero, bairro, cep, idcidade) values ('Alan Murray','34','rural','5784782','1'),('Alexander Ince','147','distrito','8153309','7'),('Alexander Ince','567','suburbio','1382194','9'),('Alexander Walker','801','centro','1627984','3'),('Alexander Walker','471','distrito','8282272','6'),('Alison Hudson','789','rural','3726922','15'),('Amanda Morgan','415','rural','5758787','4'),('Amanda Morgan','762','distrito','4775704','7'),('Amanda Rees','563','suburbio','5607113','12'),('Amanda Young','208','rural','3497009','8'),('Anna James','691','centro','2875892','12'),('Anna Lee','850','distrito','5467434','9'),('Anthony Cornish','334','suburbio','5874868','4'),('Anthony Cornish','751','centro','9019423','3'),('Audrey McGrath','933','distrito','1752038','4'),('Austin Ball','995','rural','2885097','3'),('Blake Alsop','832','centro','7205634','15'),('Blake Alsop','545','rural','1358788','4'),('Blake Berry','107','centro','3593833','13'),('Blake Mills','928','rural','9779905','8'),('Blake Ross','223','suburbio','2328479','13'),('Blake Rutherford','528','centro','5631333','16'),('Brandon Miller','224','distrito','2905349','2'),('Brandon Miller','208','rural','1826800','6'),('Brandon Morgan','874','distrito','1041837','15'),('Brian Mackay','134','centro','3999978','9'),('Brian Short','905','suburbio','7492357','7'),('Cameron Ross','757','suburbio','5724553','14'),('Cameron Short','332','suburbio','1485000','9'),('Carl Abraham','752','centro','5751457','1'),('Carol Blake','845','suburbio','3973577','16'),('Carolyn Hart','23','suburbio','6086761','16'),('Charles Roberts','462','centro','2421494','15'),('Charles Roberts','223','rural','7183140','8'),('Christian Baker','882','suburbio','8844727','16'),('Christian Baker','214','rural','2202557','8'),('Christian Piper','670','suburbio','9643142','7'),('Christian Sharp','508','distrito','2994508','4'),('Claire Walsh','701','rural','9612374','5'),('Connor Gill','388','centro','8251027','13'),('Connor Gill','158','distrito','2929399','8'),('Connor Grant','605','distrito','8510330','12'),('Dan Metcalfe','329','centro','4287417','13'),('Dan Piper','532','distrito','9452372','4'),('Dan Terry','232','suburbio','2568491','13'),('Diana Powell','224','distrito','1972719','10'),('Diana Powell','873','centro','6002241','9'),('Dorothy Miller','158','centro','3466138','11'),('Elizabeth Oliver','280','rural','8750781','4'),('Emma Peters','702','centro','8045904','14'),('Emma Peters','359','rural','5166972','1'),('Eric Bower','675','rural','5272440','14'),('Eric North','456','rural','1087025','9'),('Faith McDonald','456','suburbio','4968157','12'),('Fiona Underwood','620','suburbio','5853194','7'),('Fiona Vance','646','centro','3334270','1'),('Gabrielle Powell','443','distrito','3825828','1'),('Gordon Fraser','734','distrito','7708331','9'),('Gordon Fraser','696','rural','3226193','9'),('Hannah Thomson','284','distrito','2429618','11'),('Heather Black','97','suburbio','4741991','12'),('Irene Vaughan','140','suburbio','9460372','11'),('Irene Vaughan','933','rural','3931168','13'),('Jake Skinner','865','distrito','6548569','10'),('James Oliver','576','centro','3793878','7'),('Jasmine Terry','701','distrito','5609714','1'),('Jennifer Slater','13','centro','3626771','12'),('Jessica James','546','suburbio','9796080','8'),('Jessica Morrison','713','suburbio','3416753','9'),('Jessica Morrison','668','centro','2786891','6'),('Joe May','324','suburbio','1998067','8'),('John Baker','519','suburbio','4396182','15'),('John Hughes','209','centro','1633765','7'),('Justin Metcalfe','222','rural','9625686','10'),('Karen Glover','857','suburbio','8871426','11'),('Karen Mackenzie','307','distrito','2365344','11'),('Karen Oliver','355','centro','2188074','15'),('Kevin Powell','868','centro','6727412','12'),('Liam King','179','distrito','3536198','2'),('Lily Davies','905','distrito','7743282','8'),('Lily Hughes','454','suburbio','4639299','15'),('Lily Hughes','103','rural','5034237','14'),('Lucas Langdon','713','suburbio','7168701','15'),('Lucas Langdon','105','suburbio','7992056','2'),('Lucas Lawrence','525','distrito','8860965','15'),('Lucas Lawrence','214','centro','4555711','7'),('Luke MacLeod','549','distrito','6410284','1'),('Maria Arnold','812','distrito','2573640','9'),('Maria Arnold','239','centro','6582856','6'),('Maria Simpson','475','centro','2893946','6'),('Maria Simpson','665','rural','6195353','13'),('Mary Watson','579','rural','5428906','3'),('Matt Black','738','centro','9568700','1'),('Matt Graham','517','centro','4166481','16'),('Max Stewart','928','distrito','6132280','12'),('Michael Powell','376','distrito','7500195','7'),('Michael Powell','219','centro','4640510','13'),('Natalie Morrison','733','rural','7829788','10'),('Natalie Welch','506','suburbio','2005347','8'),('Nathan Bond','516','centro','1050620','11'),('Nathan Turner','676','distrito','9961394','2'),('Nicholas Greene','939','centro','7733067','4'),('Oliver Dickens','473','suburbio','3830940','14'),('Oliver Powell','402','rural','2926017','13'),('Olivia Peake','708','centro','6727351','13'),('Owen Smith','593','centro','9799091','3'),('Paul Davies','814','rural','1284792','5'),('Paul Harris','958','rural','5173848','16'),('Penelope Clarkson','355','suburbio','2425341','14'),('Penelope Glover','714','rural','3949297','4'),('Peter Lyman','545','distrito','3895396','7'),('Peter McGrath','444','rural','9325508','15'),('Phil Lewis','431','centro','9733483','6'),('Piers White','81','distrito','4275519','10'),('Piers White','777','centro','3401449','9'),('Pippa Wilson','254','suburbio','6724513','2'),('Robert Wright','717','centro','3319386','6'),('Rose Blake','470','distrito','6908199','12'),('Rose Russell','406','suburbio','6074263','3'),('Ruth Lambert','180','suburbio','6178999','9'),('Sally Arnold','973','distrito','7459974','15'),('Sally Arnold','614','rural','2699483','8'),('Sam Parsons','574','suburbio','2459492','13'),('Sam Parsons','148','rural','7492876','5'),('Sophie Thomson','909','centro','6813258','16'),('Stephanie Ogden','12','suburbio','6757101','12'),('Stephanie Ogden','926','rural','5921297','7'),('Stephanie Smith','457','rural','9002495','16'),('Stephanie Smith','512','distrito','4605559','4'),('Stewart Pullman','979','rural','3339837','2'),('Sue Ellison','242','distrito','4864147','15'),('Theresa Grant','672','distrito','9573894','8'),('Theresa Marshall','108','distrito','6872593','5'),('Theresa Marshall','949','distrito','1012822','2'),('Thomas Bailey','495','suburbio','3025648','16'),('Tim Arnold','810','distrito','4263197','3'),('Tim North','575','centro','4127125','6'),('Tim Sanderson','324','distrito','6357180','13'),('Tim Thomson','506','rural','7744574','2'),('Tracey Grant','217','centro','2838879','9'),('Trevor King','228','centro','5226398','1'),('Victor Avery','152','suburbio','7551605','9'),('Virginia Howard','186','centro','5817774','8'),('Wanda Quinn','225','centro','8599196','5'),('Wanda Short','252','suburbio','6174660','7'),('Wendy Gill','785','distrito','3305855','9'),('William Mitchell','212','centro','4310906','2'),('Yvonne Arnold','291','distrito','8057090','7'),('Yvonne Johnston','158','suburbio','6774263','14'),('Zoe Johnston','298','suburbio','7532802','11');
select idendereco from endereco;

desc endereco_entrega;
insert into endereco_entrega (idcidade, rua, numero, bairro, cep) values ('1','Alan Murray','34','rural','5784782'),('7','Alexander Ince','147','distrito','8153309'),('9','Alexander Ince','567','suburbio','1382194'),('3','Alexander Walker','801','centro','1627984'),('6','Alexander Walker','471','distrito','8282272'),('15','Alison Hudson','789','rural','3726922'),('4','Amanda Morgan','415','rural','5758787'),('7','Amanda Morgan','762','distrito','4775704'),('12','Amanda Rees','563','suburbio','5607113'),('8','Amanda Young','208','rural','3497009'),('12','Anna James','691','centro','2875892'),('9','Anna Lee','850','distrito','5467434'),('4','Anthony Cornish','334','suburbio','5874868'),('3','Anthony Cornish','751','centro','9019423'),('4','Audrey McGrath','933','distrito','1752038'),('3','Austin Ball','995','rural','2885097'),('15','Blake Alsop','832','centro','7205634'),('4','Blake Alsop','545','rural','1358788'),('13','Blake Berry','107','centro','3593833'),('8','Blake Mills','928','rural','9779905'),('13','Blake Ross','223','suburbio','2328479'),('16','Blake Rutherford','528','centro','5631333'),('2','Brandon Miller','224','distrito','2905349'),('6','Brandon Miller','208','rural','1826800'),('15','Brandon Morgan','874','distrito','1041837'),('9','Brian Mackay','134','centro','3999978'),('7','Brian Short','905','suburbio','7492357'),('14','Cameron Ross','757','suburbio','5724553'),('9','Cameron Short','332','suburbio','1485000'),('1','Carl Abraham','752','centro','5751457'),('16','Carol Blake','845','suburbio','3973577'),('16','Carolyn Hart','23','suburbio','6086761'),('15','Charles Roberts','462','centro','2421494'),('8','Charles Roberts','223','rural','7183140'),('16','Christian Baker','882','suburbio','8844727'),('8','Christian Baker','214','rural','2202557'),('7','Christian Piper','670','suburbio','9643142'),('4','Christian Sharp','508','distrito','2994508'),('5','Claire Walsh','701','rural','9612374'),('13','Connor Gill','388','centro','8251027'),('8','Connor Gill','158','distrito','2929399'),('12','Connor Grant','605','distrito','8510330'),('13','Dan Metcalfe','329','centro','4287417'),('4','Dan Piper','532','distrito','9452372'),('13','Dan Terry','232','suburbio','2568491'),('10','Diana Powell','224','distrito','1972719'),('9','Diana Powell','873','centro','6002241'),('11','Dorothy Miller','158','centro','3466138'),('4','Elizabeth Oliver','280','rural','8750781'),('14','Emma Peters','702','centro','8045904'),('1','Emma Peters','359','rural','5166972'),('14','Eric Bower','675','rural','5272440'),('9','Eric North','456','rural','1087025'),('12','Faith McDonald','456','suburbio','4968157'),('7','Fiona Underwood','620','suburbio','5853194'),('1','Fiona Vance','646','centro','3334270'),('1','Gabrielle Powell','443','distrito','3825828'),('9','Gordon Fraser','734','distrito','7708331'),('9','Gordon Fraser','696','rural','3226193'),('11','Hannah Thomson','284','distrito','2429618'),('12','Heather Black','97','suburbio','4741991'),('11','Irene Vaughan','140','suburbio','9460372'),('13','Irene Vaughan','933','rural','3931168'),('10','Jake Skinner','865','distrito','6548569'),('7','James Oliver','576','centro','3793878'),('1','Jasmine Terry','701','distrito','5609714'),('12','Jennifer Slater','13','centro','3626771'),('8','Jessica James','546','suburbio','9796080'),('9','Jessica Morrison','713','suburbio','3416753'),('6','Jessica Morrison','668','centro','2786891'),('8','Joe May','324','suburbio','1998067'),('15','John Baker','519','suburbio','4396182'),('7','John Hughes','209','centro','1633765'),('10','Justin Metcalfe','222','rural','9625686'),('11','Karen Glover','857','suburbio','8871426'),('11','Karen Mackenzie','307','distrito','2365344'),('15','Karen Oliver','355','centro','2188074'),('12','Kevin Powell','868','centro','6727412'),('2','Liam King','179','distrito','3536198'),('8','Lily Davies','905','distrito','7743282'),('15','Lily Hughes','454','suburbio','4639299'),('14','Lily Hughes','103','rural','5034237'),('15','Lucas Langdon','713','suburbio','7168701'),('2','Lucas Langdon','105','suburbio','7992056'),('15','Lucas Lawrence','525','distrito','8860965'),('7','Lucas Lawrence','214','centro','4555711'),('1','Luke MacLeod','549','distrito','6410284'),('9','Maria Arnold','812','distrito','2573640'),('6','Maria Arnold','239','centro','6582856'),('6','Maria Simpson','475','centro','2893946'),('13','Maria Simpson','665','rural','6195353'),('3','Mary Watson','579','rural','5428906'),('1','Matt Black','738','centro','9568700'),('16','Matt Graham','517','centro','4166481'),('12','Max Stewart','928','distrito','6132280'),('7','Michael Powell','376','distrito','7500195'),('13','Michael Powell','219','centro','4640510'),('10','Natalie Morrison','733','rural','7829788'),('8','Natalie Welch','506','suburbio','2005347'),('11','Nathan Bond','516','centro','1050620'),('2','Nathan Turner','676','distrito','9961394'),('4','Nicholas Greene','939','centro','7733067'),('14','Oliver Dickens','473','suburbio','3830940'),('13','Oliver Powell','402','rural','2926017'),('13','Olivia Peake','708','centro','6727351'),('3','Owen Smith','593','centro','9799091'),('5','Paul Davies','814','rural','1284792'),('16','Paul Harris','958','rural','5173848'),('14','Penelope Clarkson','355','suburbio','2425341'),('4','Penelope Glover','714','rural','3949297'),('7','Peter Lyman','545','distrito','3895396'),('15','Peter McGrath','444','rural','9325508'),('6','Phil Lewis','431','centro','9733483'),('10','Piers White','81','distrito','4275519'),('9','Piers White','777','centro','3401449'),('2','Pippa Wilson','254','suburbio','6724513'),('6','Robert Wright','717','centro','3319386'),('12','Rose Blake','470','distrito','6908199'),('3','Rose Russell','406','suburbio','6074263'),('9','Ruth Lambert','180','suburbio','6178999'),('15','Sally Arnold','973','distrito','7459974'),('8','Sally Arnold','614','rural','2699483'),('13','Sam Parsons','574','suburbio','2459492'),('5','Sam Parsons','148','rural','7492876'),('16','Sophie Thomson','909','centro','6813258'),('12','Stephanie Ogden','12','suburbio','6757101'),('7','Stephanie Ogden','926','rural','5921297'),('16','Stephanie Smith','457','rural','9002495'),('4','Stephanie Smith','512','distrito','4605559'),('2','Stewart Pullman','979','rural','3339837'),('15','Sue Ellison','242','distrito','4864147'),('8','Theresa Grant','672','distrito','9573894'),('5','Theresa Marshall','108','distrito','6872593'),('2','Theresa Marshall','949','distrito','1012822'),('16','Thomas Bailey','495','suburbio','3025648'),('3','Tim Arnold','810','distrito','4263197'),('6','Tim North','575','centro','4127125'),('13','Tim Sanderson','324','distrito','6357180'),('2','Tim Thomson','506','rural','7744574'),('9','Tracey Grant','217','centro','2838879'),('1','Trevor King','228','centro','5226398'),('9','Victor Avery','152','suburbio','7551605'),('8','Virginia Howard','186','centro','5817774'),('5','Wanda Quinn','225','centro','8599196'),('7','Wanda Short','252','suburbio','6174660'),('9','Wendy Gill','785','distrito','3305855'),('2','William Mitchell','212','centro','4310906'),('7','Yvonne Arnold','291','distrito','8057090'),('14','Yvonne Johnston','158','suburbio','6774263'),('11','Zoe Johnston','298','suburbio','7532802');
select * from endereco_entrega;

desc login;
insert into login (email, password, administrator) values ('AlanMurray@outlook.com','7930797564','0'),('AlexanderInce@yahoo.com','2236504461','0'),('AlexanderInce@rocket.com','3427403372','0'),('AlexanderWalker@outlook.com','1329732700','0'),('AlexanderWalker@rocket.com','2839630574','0'),('AlisonHudson@rocket.com','3808460358','0'),('AmandaMorgan@yahoo.com','4513751590','0'),('AmandaMorgan@outlook.com','6473772982','0'),('AmandaRees@gmail.com','9440855270','0'),('AmandaYoung@outlook.com','9592493541','0'),('AnnaJames@outlook.com','5357550357','0'),('AnnaLee@outlook.com','7550426543','0'),('AnthonyCornish@gmail.com','2978704936','0'),('AnthonyCornish@outlook.com','7797713220','0'),('AudreyMcGrath@outlook.com','6220404708','0'),('AustinBall@outlook.com','2067814150','0'),('BlakeAlsop@rocket.com','9103723423','0'),('BlakeAlsop@rocket.com','6084382982','0'),('BlakeBerry@rocket.com','988943047','0'),('BlakeMills@gmail.com','8682140484','0'),('BlakeRoss@yahoo.com','9368763126','0'),('BlakeRutherford@gmail.com','7174737199','0'),('BrandonMiller@rocket.com','668475227','0'),('BrandonMiller@yahoo.com','7401055102','0'),('BrandonMorgan@rocket.com','9063029485','0'),('BrianMackay@yahoo.com','6658198010','0'),('BrianShort@gmail.com','5443370023','0'),('CameronRoss@yahoo.com','8566923755','0'),('CameronShort@outlook.com','7028078471','0'),('CarlAbraham@gmail.com','5067546852','0'),('CarolBlake@rocket.com','6568857603','0'),('CarolynHart@gmail.com','564658130','0'),('CharlesRoberts@outlook.com','1927512812','0'),('CharlesRoberts@yahoo.com','1432685921','0'),('ChristianBaker@yahoo.com','1322158754','0'),('ChristianBaker@rocket.com','1816842421','0'),('ChristianPiper@outlook.com','3823402890','0'),('ChristianSharp@rocket.com','4697205780','0'),('ClaireWalsh@rocket.com','4753151875','0'),('ConnorGill@gmail.com','4759326331','0'),('ConnorGill@outlook.com','6749194646','0'),('ConnorGrant@gmail.com','1459123749','0'),('DanMetcalfe@yahoo.com','8301353483','0'),('DanPiper@outlook.com','2142510324','0'),('DanTerry@yahoo.com','7889779114','0'),('DianaPowell@outlook.com','567708553','0'),('DianaPowell@gmail.com','3804839740','0'),('DorothyMiller@outlook.com','2717801801','0'),('ElizabethOliver@rocket.com','6842440442','0'),('EmmaPeters@yahoo.com','6621178863','0'),('EmmaPeters@yahoo.com','4534356834','0'),('EricBower@yahoo.com','4078860082','0'),('EricNorth@gmail.com','6294118498','0'),('FaithMcDonald@gmail.com','1439270485','0'),('FionaUnderwood@rocket.com','5082069503','0'),('FionaVance@gmail.com','7706630307','0'),('GabriellePowell@gmail.com','2051251198','0'),('GordonFraser@gmail.com','6891069491','0'),('GordonFraser@rocket.com','2789266624','0'),('HannahThomson@rocket.com','5942894123','0'),('HeatherBlack@outlook.com','1810157495','0'),('IreneVaughan@rocket.com','6994908890','0'),('IreneVaughan@outlook.com','9104235082','0'),('JakeSkinner@rocket.com','5726994323','0'),('JamesOliver@yahoo.com','898168325','0'),('JasmineTerry@yahoo.com','6042004998','0'),('JenniferSlater@outlook.com','866754180','0'),('JessicaJames@gmail.com','6289109904','0'),('JessicaMorrison@rocket.com','4528594081','0'),('JessicaMorrison@outlook.com','4305014268','0'),('JoeMay@gmail.com','7680650335','0'),('JohnBaker@gmail.com','7444728736','0'),('JohnHughes@yahoo.com','7226142368','0');
select * from login;

desc cliente;
insert into cliente (nome, cpf_cnpj, rg_ie, datanasc, sexo, telefone, celular, email, datacadastro, observacoes, idendereco) values ('Simon Walsh','704874668748','7960935','22/3/1995','F','196922672','196922672','AlanMurray@outlook.com','20/8/2022','0','270'),										
('Jasmine Miller','14530309212','2067238','21/9/1997','M','219969396','219969396','AlexanderInce@yahoo.com','24/1/2020','0','230'),										
('Liam Brown','902170444788','5481000','29/12/1986','M','135983485','135983485','AlexanderInce@rocket.com','29/10/2022','0','253'),										
('Trevor Parr','417827336199','4433792','30/6/1986','F','170541845','170541845','AlexanderWalker@outlook.com','7/7/2021','0','267'),										
('Deirdre Pullman','925350962562','9306048','31/2/1985','M','186408963','186408963','AlexanderWalker@rocket.com','26/1/2020','0','199'),										
('Ava Coleman','232385166267','3251433','29/11/1993','M','118921542','118921542','AlisonHudson@rocket.com','13/2/2021','0','261'),										
('Dorothy Thomson','187705970600','1361053','1/9/1993','M','217018467','217018467','AmandaMorgan@yahoo.com','17/11/2022','0','256'),										
('Lisa Knox','833856401266','7813958','29/10/1987','F','119331183','119331183','AmandaMorgan@outlook.com','12/12/2020','0','271'),										
('Ruth Campbell','481900168944','8532862','1/5/1987','M','149416179','149416179','AmandaRees@gmail.com','23/8/2021','0','219'),										
('Dominic Parr','339803629579','3281440','18/4/1997','F','144015347','144015347','AmandaYoung@outlook.com','15/6/2021','0','229'),										
('Dominic Lewis','879180615264','6432115','1/9/1992','M','122677746','122677746','AnnaJames@outlook.com','3/7/2021','0','189'),										
('Benjamin Grant','38829857200','7969238','13/7/1998','M','203730317','203730317','AnnaLee@outlook.com','8/10/2020','0','273'),										
('Ryan MacDonald','183039067795','3456399','19/9/1986','M','129238551','129238551','AnthonyCornish@gmail.com','7/1/2022','0','188'),										
('Thomas Lawrence','734976052473','2032026','19/6/1995','F','111720941','111720941','AnthonyCornish@outlook.com','6/4/2022','0','279'),										
('Madeleine Marshall','549710243431','4714221','27/7/1999','F','200614464','200614464','AudreyMcGrath@outlook.com','27/6/2021','0','154'),										
('Nicholas Newman','600893081971','7192741','21/7/1987','F','214031748','214031748','AustinBall@outlook.com','10/4/2022','0','287'),										
('Grace Hill','200962994051','2949177','17/12/1991','F','163874602','163874602','BlakeAlsop@rocket.com','1/9/2021','0','213'),										
('Samantha Coleman','15758936340','8336954','7/7/1991','F','168152205','168152205','BlakeAlsop@rocket.com','14/2/2022','0','262'),										
('William Ince','633893173439','1116436','12/9/1993','M','218781488','218781488','BlakeBerry@rocket.com','19/12/2022','0','234'),										
('Audrey Jones','227567542217','4773234','31/9/1987','M','116054202','116054202','BlakeMills@gmail.com','5/8/2021','0','290'),										
('Boris Johnston','599620556893','2832259','14/6/1992','F','192723838','192723838','BlakeRoss@yahoo.com','24/2/2021','0','167'),										
('Jason Butler','451231448110','3403267','1/4/1985','M','162416294','162416294','BlakeRutherford@gmail.com','16/2/2020','0','161'),										
('Deirdre McDonald','717442787012','8122641','23/3/1989','M','172847952','172847952','BrandonMiller@rocket.com','20/3/2022','0','226'),										
('Carl Quinn','755982748802','4636682','26/11/1993','F','148836176','148836176','BrandonMiller@yahoo.com','2/5/2022','0','214'),										
('Jennifer Hughes','111062893096','2337028','11/7/1991','F','130247719','130247719','BrandonMorgan@rocket.com','23/4/2022','0','173'),										
('Richard Fraser','799130820367','3229485','22/4/1988','M','139435791','139435791','BrianMackay@yahoo.com','26/3/2020','0','233'),										
('Rachel McGrath','268598226140','1497573','9/1/1992','M','112595331','112595331','BrianShort@gmail.com','22/1/2022','0','216'),										
('Alison Fisher','998938189017','2275755','8/2/1987','F','192801756','192801756','CameronRoss@yahoo.com','6/12/2020','0','285'),										
('Lucas Mackenzie','249490618061','6602021','8/3/1993','M','150906836','150906836','CameronShort@outlook.com','4/2/2022','0','227'),										
('Luke Wilkins','497378002259','8244180','9/2/1991','M','154346771','154346771','CarlAbraham@gmail.com','30/4/2021','0','203'),										
('Megan Bell','37818387581','9385566','20/11/1991','F','130177687','130177687','CarolBlake@rocket.com','25/11/2022','0','264'),										
('Warren Edmunds','239702833977','6407428','14/4/1998','M','125204308','125204308','CarolynHart@gmail.com','1/3/2021','0','192'),										
('Grace Chapman','879790510191','3267439','22/9/1991','M','214507654','214507654','CharlesRoberts@outlook.com','4/7/2020','0','252'),										
('Jake Wilson','500317026708','2757702','15/6/1990','F','194045241','194045241','CharlesRoberts@yahoo.com','4/8/2020','0','238'),										
('Karen Dyer','969053786863','6907726','18/3/1996','F','144258809','144258809','ChristianBaker@yahoo.com','18/7/2021','0','240'),										
('Yvonne Thomson','742265437394','4704011','27/7/1993','M','148590961','148590961','ChristianBaker@rocket.com','18/10/2021','0','204'),										
('Sophie Gill','191698964666','1180132','25/12/1990','M','187556224','187556224','ChristianPiper@outlook.com','12/8/2021','0','193'),										
('Robert Cornish','171684203289','7479263','17/3/1985','M','147055112','147055112','ChristianSharp@rocket.com','20/2/2022','0','179'),										
('Luke Martin','773523381679','3060194','11/8/2000','F','184462007','184462007','ClaireWalsh@rocket.com','27/12/2021','0','181'),										
('Gavin Pullman','629911033108','5722725','10/8/1985','F','183034406','183034406','ConnorGill@gmail.com','18/1/2022','0','283'),										
('Edward Terry','488946082943','8240757','7/5/1987','M','180465413','180465413','ConnorGill@outlook.com','6/1/2022','0','221'),										
('Diane Black','577964166379','8773714','30/4/1999','F','184150412','184150412','ConnorGrant@gmail.com','27/8/2021','0','176'),										
('Jake Morgan','704178684273','7637696','22/7/1985','F','137215315','137215315','DanMetcalfe@yahoo.com','28/9/2020','0','266'),										
('Yvonne Churchill','73543726403','7889752','30/9/1993','M','219796506','219796506','DanPiper@outlook.com','20/10/2022','0','224'),										
('Dorothy Johnston','619056046543','5196944','12/2/1991','M','132353900','132353900','DanTerry@yahoo.com','31/8/2022','0','197'),										
('Lisa Berry','361254102647','7966190','21/1/1989','F','122826548','122826548','DianaPowell@outlook.com','31/3/2021','0','202'),										
('Leah Nolan','348411779363','3834431','3/6/1998','M','138519448','138519448','DianaPowell@gmail.com','22/4/2022','0','250'),										
('Carolyn Lewis','739968121173','7056712','11/7/1989','F','205127764','205127764','DorothyMiller@outlook.com','7/4/2022','0','166'),										
('Simon Ball','393024156517','2279382','9/8/1996','F','218246843','218246843','ElizabethOliver@rocket.com','9/8/2021','0','234'),										
('Charles Nolan','113601999231','7549117','7/8/1995','M','162751086','162751086','EmmaPeters@yahoo.com','6/1/2021','0','290'),										
('Sophie Wilkins','896580010426','6813153','30/10/2000','M','148278268','148278268','EmmaPeters@yahoo.com','13/4/2021','0','218'),										
('Kimberly James','895341518411','4306617','31/2/1987','M','210318221','210318221','EricBower@yahoo.com','2/11/2022','0','158'),										
('Madeleine Ellison','956533702920','6071461','3/7/1990','M','203053247','203053247','EricNorth@gmail.com','27/12/2022','0','179'),										
('Irene MacLeod','392308064064','5070376','25/1/1988','F','205246432','205246432','FaithMcDonald@gmail.com','17/2/2021','0','236'),										
('Cameron Taylor','352405357969','8689496','3/11/2000','F','118261077','118261077','FionaUnderwood@rocket.com','4/8/2022','0','247'),										
('Liam Gibson','726996199143','9821236','22/12/1990','M','214702317','214702317','FionaVance@gmail.com','30/4/2021','0','269'),										
('Donna Knox','662979747962','3388101','3/6/1995','F','119524442','119524442','GabriellePowell@gmail.com','21/5/2022','0','164'),										
('Piers Morgan','886471850070','7160598','6/1/1989','F','182668145','182668145','GordonFraser@gmail.com','28/8/2022','0','168'),										
('Phil Randall','642368677514','5344161','9/2/1993','F','190904854','190904854','GordonFraser@rocket.com','21/6/2020','0','252'),										
('Ryan White','69095750038','6596722','5/6/1994','M','191312162','191312162','HannahThomson@rocket.com','14/9/2020','0','240'),										
('Kylie Howard','602278253825','4899143','18/12/1992','F','164031274','164031274','HeatherBlack@outlook.com','26/2/2022','0','257'),										
('Fiona Bell','123164261257','9888735','26/10/1992','F','146101514','146101514','IreneVaughan@rocket.com','31/10/2022','0','274');										

desc pix;
insert into pix (chave) values ('05100200999cnppj'),
('jsgs74s58541sddjhsksnbujsad4f8585s148sfdhwsujhcbnchavealeatoria'), ('91985663694telefone');

desc vendedor_terceirizado;
insert into vendedor_terceirizado (idendereco, razao_nome, local, contato, cnpj, pj, cpf) values ('286','Alan Murray','web','136589295','1','0','3965081309'),
('154','Alexander Ince','web','284893208','2','0','3965081310'),
('234','Alexander Ince','web','369746664','1382194','1','3965081311'),
('241','Alexander Walker','web','333374980','1627984','1','3965081312'),
('201','Alexander Walker','web','63357547','3','0','3965081313'),
('172','Alison Hudson','web','102799193','4','0','3965081314'),
('236','Amanda Morgan','web','45288701','5758787','1','3965081315'),
('170','Amanda Morgan','web','119726300','4775704','1','3965081316'),
('247','Amanda Rees','web','318953777','5','0','3965081317'),
('243','Amanda Young','web','397620123','6','0','3965081318'),
('300','Anna James','web','304335538','7','0','3965081319'),
('213','Anna Lee','web','285416161','5467434','1','3965081320');

desc fornecedor;
insert into fornecedor (idendereco, razao_social, cnpj, contato) values ('232','Gucci','3965081309','136589295'),
('159','Motorola','3965081310','284893208'),
('300','Channel5','3965081311','369746664'),
('176','Outros','3965081312','333374980');

desc produto;
insert into produto (descricao, valorpro, idmarca, idcategoria, idtamanho) values ('celular','1200','1','3','4'),
('notebook','2900','1','3','4'),
('secador','200','1','3','3'),
('blusa','80','1','1','3'),
('bermuda','90','1','1','2'),
('sapato','160','1','2','1'),
('cordao','300','1','1','3'),
('pulseira','150','1','1','4'),
('calca','120','1','1','1'),
('jaqueta','200','1','1','4'),
('brinco','80','1','1','1'),
('celular','1104','2','3','3'),
('notebook','3480','2','3','4'),
('secador','248','2','3','1'),
('blusa','68','2','1','2'),
('bermuda','95','2','1','2'),
('sapato','153','2','2','1'),
('cordao','261','2','1','4'),
('pulseira','156','2','1','3'),
('calca','112','2','1','4'),
('jaqueta','290','2','1','4'),
('brinco','116','2','1','2'),
('celular','1137','3','3','2'),
('notebook','4732','3','3','2'),
('secador','223','3','3','4'),
('blusa','99','3','1','4'),
('bermuda','82','3','1','1'),
('sapato','208','3','2','3'),
('cordao','305','3','1','4'),
('pulseira','160','3','1','4'),
('calca','113','3','1','2'),
('jaqueta','356','3','1','1'),
('brinco','103','3','1','4'),
('celular','1330','4','3','2'),
('notebook','4164','4','3','2'),
('secador','178','4','3','1'),
('blusa','84','4','1','3'),
('bermuda','117','4','1','1'),
('sapato','213','4','2','4'),
('cordao','415','4','1','2'),
('pulseira','223','4','1','4'),
('calca','168','4','1','4'),
('jaqueta','296','4','1','1'),
('brinco','92','4','1','3');

select * from pedido;

select * from produto;
insert into marca (nome) values ('Gucci'), ('Motorola'), ('Channel5'), ('Outros');
select * from tamanho;
insert into tamanho (tamanho) values ('1'), ('2'), ('3'), ('4');
select * from categoria;

desc pedido;
insert into pedido (idcliente, idend_entrega, idstatuspedido, idtpagamento, descricao, frete, datavenda, predataentrega, valorcompra, idproduto) values ('179','51','3','589','-','67','9/3/2022','19/4/2022','166','158'),
('136','125','1','610','-','20','15/1/2022','25/2/2022','198','168'),
('185','103','3','585','-','112','31/8/2022','41/9/2022','335','157'),
('181','30','2','500','-','32','24/5/2022','34/6/2022','192','138'),
('180','138','3','465','-','96','17/12/2022','27/13/2022','188','176'),
('155','94','2','703','-','107','12/3/2022','22/4/2022','199','176'),
('159','110','1','431','-','108','20/8/2022','30/9/2022','398','153'),
('137','74','2','588','-','106','22/4/2022','32/5/2022','218','152'),
('160','60','1','538','-','105','9/12/2022','19/13/2022','208','165'),
('181','87','3','492','-','29','6/12/2022','16/13/2022','1359','166'),
('169','120','1','700','-','111','15/8/2022','25/9/2022','279','174'),
('173','85','3','709','-','78','3/5/2022','13/6/2022','326','146'),
('179','2','3','694','-','107','18/2/2022','28/3/2022','257','140'),
('150','81','2','550','-','37','13/1/2022','23/2/2022','132','148'),
('159','20','3','675','-','73','22/12/2022','32/13/2022','363','153'),
('125','129','3','523','-','22','19/6/2022','29/7/2022','222','135'),
('145','77','3','432','-','95','29/1/2022','39/2/2022','251','151'),
('147','125','1','496','-','93','11/3/2022','21/4/2022','1293','133'),
('163','64','3','673','-','139','25/12/2022','35/13/2022','3039','134'),
('145','108','2','448','-','122','11/1/2022','21/2/2022','300','168'),
('167','78','2','418','-','28','26/11/2022','36/12/2022','251','157'),
('134','18','2','477','-','94','9/1/2022','19/2/2022','509','172'),
('185','20','3','477','-','51','2/3/2022','12/4/2022','163','152'),
('132','85','2','496','-','49','4/12/2022','14/13/2022','405','164'),
('179','24','3','489','-','16','30/11/2022','40/12/2022','4180','167'),
('169','94','3','640','-','57','4/7/2022','14/8/2022','169','152'),
('157','58','1','554','-','141','5/11/2022','15/12/2022','236','148'),
('129','71','3','452','-','26','25/8/2022','35/9/2022','146','141'),
('142','86','3','632','-','130','1/5/2022','11/6/2022','3030','134'),
('167','87','1','622','-','19','13/7/2022','23/8/2022','434','172'),
('171','29','2','715','-','88','16/11/2022','26/12/2022','311','157'),
('156','148','3','566','-','129','30/3/2022','40/4/2022','544','172'),
('174','114','3','377','-','99','27/8/2022','37/9/2022','404','161'),
('146','39','2','633','-','90','11/4/2022','21/5/2022','250','162'),
('151','48','2','640','-','120','8/9/2022','18/10/2022','280','162'),
('137','110','3','666','-','34','1/4/2022','11/5/2022','2934','134'),
('144','146','2','706','-','106','26/12/2022','36/13/2022','284','168'),
('145','10','2','514','-','145','25/7/2022','35/8/2022','501','164'),
('146','118','1','455','-','91','1/11/2022','11/12/2022','314','173'),
('141','146','1','600','-','86','17/3/2022','27/4/2022','299','171'),
('136','62','2','671','-','18','21/7/2022','31/8/2022','241','157'),
('140','85','3','478','-','95','14/6/2022','24/7/2022','255','138'),
('175','89','1','569','-','131','4/10/2022','14/11/2022','248','170'),
('183','11','2','659','-','26','27/11/2022','37/12/2022','176','140'),
('158','92','3','390','-','140','17/5/2022','27/6/2022','555','172'),
('134','145','2','370','-','98','15/11/2022','25/12/2022','513','172'),
('176','49','1','619','-','57','25/11/2022','35/12/2022','4789','156'),
('136','2','3','486','-','112','3/8/2022','13/9/2022','4844','156'),
('136','129','1','545','-','128','6/3/2022','16/4/2022','1232','144'),
('185','17','2','671','-','148','13/7/2022','23/8/2022','326','168'),
('171','56','2','701','-','112','26/4/2022','36/5/2022','4276','167'),
('185','119','3','631','-','143','26/1/2022','36/2/2022','223','143'),
('170','34','1','523','-','63','10/6/2022','20/7/2022','219','151'),
('183','65','2','524','-','78','15/3/2022','25/4/2022','374','175'),
('144','68','1','461','-','149','2/7/2022','12/8/2022','262','163'),
('136','143','3','539','-','124','13/3/2022','23/4/2022','241','170'),
('166','132','3','428','-','58','17/4/2022','27/5/2022','473','172'),
('137','24','3','634','-','130','26/1/2022','36/2/2022','343','171'),
('153','16','1','538','-','140','3/2/2022','13/3/2022','363','173'),
('166','26','1','399','-','83','23/2/2022','33/3/2022','383','139'),
('162','88','2','494','-','86','30/9/2022','40/10/2022','239','149'),
('168','35','1','724','-','77','6/8/2022','16/9/2022','157','136'),
('157','87','1','712','-','43','26/12/2022','36/13/2022','211','174'),
('133','4','2','444','-','76','24/2/2022','34/3/2022','299','173'),
('155','28','1','649','-','109','2/5/2022','12/6/2022','4841','156'),
('132','6','2','639','-','139','15/6/2022','25/7/2022','238','158'),
('159','54','1','546','-','138','7/3/2022','17/4/2022','399','150'),
('147','72','2','395','-','80','8/12/2022','18/13/2022','179','158'),
('159','79','1','500','-','71','26/10/2022','36/11/2022','170','158'),
('159','106','1','727','-','66','10/11/2022','20/12/2022','156','137'),
('165','117','3','646','-','76','9/3/2022','19/4/2022','236','138'),
('186','36','2','498','-','53','8/12/2022','18/13/2022','170','170'),
('174','144','2','513','-','17','2/2/2022','12/3/2022','107','137'),
('127','137','3','692','-','41','3/1/2022','13/2/2022','201','138'),
('181','150','1','596','-','112','12/4/2022','22/5/2022','228','154'),
('179','130','2','428','-','117','14/3/2022','24/4/2022','3597','145'),
('131','61','1','381','-','125','9/4/2022','19/5/2022','242','170'),
('150','29','2','610','-','98','28/2/2022','38/3/2022','258','162'),
('184','67','2','532','-','127','11/3/2022','21/4/2022','340','171'),
('177','46','1','691','-','22','20/6/2022','30/7/2022','102','143'),
('147','13','3','565','-','118','2/4/2022','12/5/2022','533','172'),
('182','62','1','626','-','122','16/3/2022','26/4/2022','202','143'),
('144','21','3','568','-','42','17/9/2022','27/10/2022','192','140'),
('141','33','3','499','-','115','15/4/2022','25/5/2022','197','159'),
('167','134','1','559','-','56','27/5/2022','37/6/2022','1193','155'),
('186','118','1','619','-','32','21/7/2022','31/8/2022','232','135'),
('156','79','2','374','-','15','12/7/2022','22/8/2022','193','168'),
('156','130','1','448','-','107','4/7/2022','14/8/2022','219','152'),
('156','95','3','550','-','113','22/10/2022','32/11/2022','233','141'),
('136','114','2','522','-','147','11/1/2022','21/2/2022','1284','155'),
('160','25','2','690','-','42','30/12/2022','40/13/2022','2942','134'),
('167','148','1','399','-','110','10/1/2022','20/2/2022','358','146'),
('181','25','2','386','-','71','10/9/2022','20/10/2022','3551','145'),
('149','17','3','652','-','106','2/3/2022','12/4/2022','367','150'),
('156','44','2','588','-','89','11/1/2022','21/2/2022','239','140');



desc statuspedido;
insert into statuspedido (situacao) values ('pendente'), ('confirmado'), ('cancelado');

select * from formapagamento;

insert into formapagamento (idboleto) values ('132'),
('1'),
('54'),
('90'),
('33'),
('200'),
('115'),
('231'),
('269'),
('48'),
('90'),
('50'),
('73'),
('171'),
('233'),
('193'),
('189'),
('277'),
('255'),
('260'),
('193'),
('233'),
('27'),
('60'),
('38'),
('133'),
('132'),
('299'),
('222'),
('163'),
('100'),
('138'),
('44'),
('144'),
('136'),
('54'),
('268'),
('211'),
('45'),
('277'),
('37'),
('249'),
('71'),
('189'),
('146'),
('29'),
('69'),
('130'),
('127'),
('206'),
('106'),
('260'),
('167'),
('260'),
('293'),
('164'),
('145'),
('36'),
('116'),
('127'),
('6'),
('148'),
('136'),
('11'),
('162'),
('273'),
('106'),
('79'),
('53'),
('181'),
('193'),
('158'),
('92'),
('258'),
('65'),
('97'),
('112'),
('55'),
('293'),
('223'),
('184'),
('186'),
('275'),
('61'),
('206'),
('40'),
('111'),
('36'),
('147'),
('145'),
('109'),
('232'),
('231'),
('254'),
('58'),
('299'),
('90'),
('218'),
('285'),
('29'),
('155'),
('203'),
('262'),
('175'),
('217'),
('293'),
('164'),
('257'),
('74'),
('127'),
('35'),
('294'),
('49'),
('197'),
('35'),
('180'),
('285'),
('19'),
('64'),
('66'),
('9'),
('205'),
('69'),
('256'),
('159'),
('238'),
('190'),
('38'),
('202'),
('291'),
('285'),
('278'),
('156'),
('25'),
('79'),
('286'),
('233'),
('294'),
('124'),
('122'),
('166'),
('200'),
('133'),
('56'),
('48'),
('24'),
('220'),
('125'),
('60'),
('197'),
('100'),
('277'),
('65'),
('183'),
('252'),
('277'),
('84'),
('229'),
('244'),
('249'),
('216'),
('48'),
('158'),
('281'),
('114'),
('228'),
('252'),
('28'),
('117'),
('242'),
('79'),
('10'),
('233'),
('132'),
('266'),
('178'),
('249'),
('100'),
('51'),
('148'),
('284'),
('44'),
('3'),
('98'),
('116'),
('36'),
('279'),
('194'),
('164'),
('79'),
('88'),
('75'),
('42'),
('27'),
('240'),
('53'),
('213'),
('276'),
('71'),
('70'),
('281'),
('295'),
('299'),
('240'),
('150'),
('74'),
('17'),
('221'),
('15'),
('212'),
('103'),
('106'),
('112'),
('159'),
('48'),
('222'),
('172'),
('239'),
('212'),
('26'),
('90'),
('79'),
('23'),
('223'),
('238'),
('213'),
('188'),
('244'),
('180'),
('52'),
('118'),
('6'),
('294'),
('145'),
('153'),
('117'),
('72'),
('214'),
('85'),
('189'),
('285'),
('98'),
('147'),
('52'),
('101'),
('31'),
('292'),
('209'),
('36'),
('198'),
('160'),
('221'),
('134'),
('82'),
('97'),
('1'),
('130'),
('159'),
('300'),
('41'),
('124'),
('210'),
('236'),
('169'),
('220'),
('221'),
('271'),
('103'),
('197'),
('235'),
('193'),
('230'),
('253'),
('252'),
('249'),
('65'),
('187'),
('287'),
('27'),
('135'),
('217'),
('283'),
('99'),
('42'),
('229'),
('238'),
('225'),
('24'),
('146'),
('58'),
('255'),
('26'),
('269'),
('23'),
('159'),
('124'),
('150'),
('230'),
('60'),
('23');
insert into formapagamento (idpix) values ('1'), ('2'), ('3');
insert into formapagamento (idcartao) values ('27'),
('50'),
('17'),
('38'),
('50'),
('26'),
('5'),
('13'),
('60'),
('1'),
('31'),
('8'),
('51'),
('23'),
('32'),
('5'),
('49'),
('17'),
('52'),
('37'),
('28'),
('62'),
('23'),
('19'),
('55'),
('9'),
('19'),
('8'),
('61'),
('30'),
('18'),
('41'),
('5'),
('2'),
('38'),
('9'),
('2'),
('53'),
('39'),
('60'),
('1'),
('52'),
('59'),
('23'),
('12'),
('31'),
('6'),
('40'),
('13'),
('19'),
('51'),
('9'),
('41'),
('22'),
('6'),
('13'),
('21'),
('2'),
('31'),
('58'),
('59'),
('4');


show tables;
desc estoque_vendedor;
select * from estoque_vendedor;
insert into estoque_vendedor(idvendedor, idproduto, quantidade) values ('15','139','9'),
('13','167','18'),
('22','150','22'),
('15','152','18'),
('24','137','23'),
('23','164','7'),
('24','175','17'),
('22','136','8'),
('19','145','7'),
('14','133','13'),
('16','155','17'),
('20','160','14'),
('18','154','2'),
('14','150','12'),
('18','157','23'),
('20','155','20'),
('15','137','7'),
('14','160','24'),
('17','168','19'),
('18','142','6'),
('18','166','23'),
('18','134','9'),
('22','156','22'),
('16','139','1'),
('22','165','22'),
('23','169','2'),
('17','154','24'),
('19','138','16'),
('19','170','15'),
('20','150','10'),
('19','172','5'),
('19','166','24'),
('16','138','10'),
('18','160','6'),
('23','154','8'),
('21','174','11'),
('17','158','24'),
('14','139','10'),
('24','148','13'),
('15','169','14'),
('18','158','5'),
('23','155','21'),
('13','168','3'),
('21','168','3'),
('24','136','14'),
('20','175','11'),
('19','142','15'),
('24','143','9'),
('23','143','13'),
('22','154','19'),
('22','168','6'),
('24','133','8'),
('21','133','13'),
('19','152','17'),
('21','149','4'),
('19','136','17'),
('13','154','10'),
('24','158','2'),
('21','137','17'),
('18','152','22'),
('18','173','3'),
('17','141','5'),
('24','145','22'),
('24','161','13'),
('19','154','5'),
('18','147','15'),
('16','156','7'),
('17','174','19'),
('21','161','7'),
('15','151','16'),
('17','136','10'),
('15','159','6'),
('19','137','8'),
('21','171','12'),
('17','150','6'),
('21','153','16'),
('24','167','15'),
('24','138','20'),
('17','149','12'),
('15','158','21'),
('17','156','15'),
('15','147','13'),
('19','158','14'),
('23','161','20'),
('16','170','6'),
('16','133','4'),
('24','157','18'),
('15','154','16'),
('19','153','6'),
('19','147','25'),
('22','141','3'),
('22','138','1'),
('17','138','9'),
('21','160','13'),
('19','168','25'),
('14','158','13'),
('22','147','16'),
('22','142','17'),
('23','173','7'),
('20','140','23'),
('24','173','7'),
('22','164','1'),
('24','154','25'),
('20','173','15'),
('19','175','15'),
('18','159','21'),
('19','150','16'),
('15','149','19'),
('23','148','4'),
('14','175','10'),
('16','173','1'),
('14','162','17'),
('21','144','22'),
('15','173','2'),
('22','176','20'),
('16','168','22'),
('24','169','22'),
('21','135','5'),
('23','162','4'),
('20','141','12'),
('15','156','8'),
('18','148','1'),
('21','154','15'),
('16','157','4'),
('20','144','1'),
('23','157','15'),
('23','156','17'),
('13','176','20'),
('20','152','24'),
('20','174','18'),
('13','148','25'),
('19','133','5'),
('21','138','17'),
('16','148','2'),
('24','156','21'),
('13','149','3'),
('23','140','16'),
('22','133','12'),
('17','133','11'),
('15','160','9'),
('21','155','8'),
('21','172','4'),
('14','151','5'),
('17','166','1'),
('17','171','21'),
('22','166','18'),
('18','138','1');

desc estoque;
select * from fornecedor;
insert into estoque values ('141','2','24'),
('176','4','18'),
('153','1','19'),
('174','2','15'),
('169','3','14'),
('156','1','13'),
('162','4','2'),
('176','2','8'),
('144','1','4'),
('150','4','12'),
('140','2','7'),
('170','3','1'),
('169','4','12'),
('156','3','20'),
('176','3','17'),
('143','4','25'),
('133','2','19'),
('174','3','1'),
('165','1','2'),
('157','4','25'),
('134','2','10'),
('161','4','21'),
('152','4','15'),
('142','3','3'),
('143','3','2'),
('171','4','18'),
('164','1','9'),
('166','2','22'),
('167','2','25'),
('159','4','4'),
('169','1','14'),
('139','1','24'),
('172','4','17'),
('154','4','17'),
('165','3','3'),
('159','1','15'),
('160','3','7'),
('164','2','16'),
('164','3','17'),
('159','3','20'),
('158','3','22'),
('162','3','14'),
('160','1','25'),
('151','1','7'),
('153','3','1'),
('173','2','17'),
('141','1','16'),
('167','3','10'),
('147','3','6'),
('133','3','21'),
('153','2','24'),
('168','1','22'),
('152','3','11'),
('148','1','18'),
('145','4','19'),
('147','1','22'),
('159','2','25'),
('173','4','12'),
('138','4','21'),
('144','3','25'),
('137','4','21'),
('151','4','2'),
('163','4','11'),
('136','3','2'),
('170','4','3'),
('158','4','8'),
('160','4','18'),
('144','2','9'),
('160','2','5'),
('152','2','15'),
('151','3','4'),
('165','2','20'),
('155','3','7'),
('169','2','17'),
('146','2','13'),
('170','2','17'),
('145','1','24'),
('139','3','4'),
('137','1','8'),
('136','2','7'),
('163','3','17'),
('151','2','4'),
('147','4','25'),
('148','4','2'),
('163','2','20'),
('173','1','16'),
('143','2','11'),
('139','4','4'),
('158','1','2'),
('167','1','22'),
('172','3','17'),
('167','4','2'),
('145','3','20'),
('170','1','2'),
('162','1','20'),
('172','2','3'),
('154','2','22'),
('174','4','17'),
('142','2','16'),
('136','4','2'),
('152','1','8');

show tables;

desc entrega;
insert into entrega (idendentrega, idstatusentrega, transportadora, codrastreio) values ('35','2','Jasmine Miller','55698446584'),
('15','1','Simon Walsh','55698446585'),
('89','2','Jasmine Miller','55698446586'),
('128','2','Liam Brown','55698446587'),
('13','3','Trevor Parr','55698446588'),
('38','3','Deirdre Pullman','55698446589'),
('103','3','Ava Coleman','55698446590'),
('71','2','Dorothy Thomson','55698446591'),
('74','1','Lisa Knox','55698446592'),
('72','3','Ruth Campbell','55698446593'),
('1','1','Dominic Parr','55698446594'),
('141','2','Dominic Lewis','55698446595'),
('41','4','Benjamin Grant','55698446596'),
('64','1','Ryan MacDonald','55698446597'),
('110','2','Thomas Lawrence','55698446598'),
('122','3','Madeleine Marshall','55698446599'),
('55','1','Nicholas Newman','55698446600'),
('4','2','Grace Hill','55698446601'),
('6','2','Samantha Coleman','55698446602'),
('106','1','William Ince','55698446603'),
('42','2','Audrey Jones','55698446604'),
('113','4','Boris Johnston','55698446605'),
('89','3','Jason Butler','55698446606'),
('43','2','Deirdre McDonald','55698446607'),
('140','4','Carl Quinn','55698446608'),
('10','1','Jennifer Hughes','55698446609'),
('56','1','Richard Fraser','55698446610'),
('49','1','Rachel McGrath','55698446611'),
('42','2','Alison Fisher','55698446612'),
('142','2','Lucas Mackenzie','55698446613'),
('82','2','Luke Wilkins','55698446614'),
('106','2','Megan Bell','55698446615'),
('103','1','Warren Edmunds','55698446616'),
('68','2','Grace Chapman','55698446617'),
('50','1','Jake Wilson','55698446618'),
('115','1','Karen Dyer','55698446619'),
('133','2','Yvonne Thomson','55698446620'),
('130','1','Sophie Gill','55698446621'),
('72','2','Robert Cornish','55698446622'),
('21','1','Luke Martin','55698446623'),
('36','1','Gavin Pullman','55698446624'),
('109','2','Edward Terry','55698446625'),
('88','1','Diane Black','55698446626'),
('84','4','Jake Morgan','55698446627'),
('58','2','Yvonne Churchill','55698446628'),
('144','3','Dorothy Johnston','55698446629'),
('131','2','Lisa Berry','55698446630'),
('102','4','Leah Nolan','55698446631'),
('58','2','Carolyn Lewis','55698446632'),
('124','4','Simon Ball','55698446633'),
('127','2','Charles Nolan','55698446634'),
('28','1','Sophie Wilkins','55698446635'),
('99','2','Kimberly James','55698446636'),
('21','1','Madeleine Ellison','55698446637'),
('147','1','Irene MacLeod','55698446638'),
('23','3','Cameron Taylor','55698446639'),
('137','3','Liam Gibson','55698446640'),
('100','4','Donna Knox','55698446641'),
('128','2','Piers Morgan','55698446642'),
('142','4','Phil Randall','55698446643'),
('62','1','Ryan White','55698446644'),
('90','4','Kylie Howard','55698446645'),
('135','2','Fiona Bell','55698446646'),
('19','2','Simon Walsh','55698446647'),
('60','4','Jasmine Miller','55698446648'),
('72','2','Liam Brown','55698446649'),
('109','2','Trevor Parr','55698446650'),
('30','3','Deirdre Pullman','55698446651'),
('145','4','Ava Coleman','55698446652'),
('106','2','Dorothy Thomson','55698446653'),
('138','1','Lisa Knox','55698446654'),
('133','4','Ruth Campbell','55698446655'),
('96','2','Dominic Parr','55698446656'),
('31','3','Dominic Lewis','55698446657'),
('7','2','Benjamin Grant','55698446658'),
('34','3','Ryan MacDonald','55698446659'),
('139','4','Thomas Lawrence','55698446660'),
('29','1','Madeleine Marshall','55698446661'),
('39','3','Nicholas Newman','55698446662'),
('146','1','Grace Hill','55698446663'),
('71','4','Samantha Coleman','55698446664'),
('108','2','William Ince','55698446665'),
('138','1','Audrey Jones','55698446666'),
('113','3','Boris Johnston','55698446667'),
('122','1','Jason Butler','55698446668'),
('4','1','Deirdre McDonald','55698446669'),
('109','4','Carl Quinn','55698446670'),
('44','4','Jennifer Hughes','55698446671'),
('38','2','Richard Fraser','55698446672'),
('105','3','Rachel McGrath','55698446673'),
('138','4','Alison Fisher','55698446674'),
('77','4','Lucas Mackenzie','55698446675'),
('148','4','Luke Wilkins','55698446676'),
('66','1','Megan Bell','55698446677'),
('28','2','Warren Edmunds','55698446678'),
('33','3','Grace Chapman','55698446679'),
('83','1','Jake Wilson','55698446680'),
('14','4','Karen Dyer','55698446681'),
('20','1','Yvonne Thomson','55698446682'),
('148','1','Sophie Gill','55698446683'),
('89','4','Robert Cornish','55698446684'),
('126','2','Luke Martin','55698446685'),
('99','1','Gavin Pullman','55698446686'),
('116','3','Edward Terry','55698446687'),
('132','4','Diane Black','55698446688'),
('20','4','Jake Morgan','55698446689'),
('77','3','Yvonne Churchill','55698446690'),
('30','1','Dorothy Johnston','55698446691'),
('56','4','Lisa Berry','55698446692'),
('87','4','Leah Nolan','55698446693'),
('62','3','Carolyn Lewis','55698446694'),
('104','1','Simon Ball','55698446695'),
('71','4','Charles Nolan','55698446696'),
('91','2','Sophie Wilkins','55698446697'),
('108','1','Kimberly James','55698446698'),
('76','4','Madeleine Ellison','55698446699'),
('48','4','Irene MacLeod','55698446700'),
('105','1','Cameron Taylor','55698446701'),
('101','4','Liam Gibson','55698446702'),
('135','1','Donna Knox','55698446703'),
('90','4','Piers Morgan','55698446704'),
('59','1','Phil Randall','55698446705'),
('145','3','Ryan White','55698446706'),
('5','2','Kylie Howard','55698446707'),
('18','3','Fiona Bell','55698446708'),
('10','4','Simon Walsh','55698446709'),
('77','4','Jasmine Miller','55698446710'),
('11','1','Liam Brown','55698446711'),
('146','4','Trevor Parr','55698446712'),
('95','1','Deirdre Pullman','55698446713'),
('46','2','Ava Coleman','55698446714'),
('44','3','Dorothy Thomson','55698446715'),
('20','3','Lisa Knox','55698446716'),
('8','4','Ruth Campbell','55698446717'),
('114','1','Dominic Parr','55698446718'),
('80','4','Dominic Lewis','55698446719'),
('32','4','Benjamin Grant','55698446720'),
('134','4','Ryan MacDonald','55698446721'),
('143','3','Thomas Lawrence','55698446722'),
('103','1','Madeleine Marshall','55698446723'),
('93','2','Nicholas Newman','55698446724'),
('10','4','Grace Hill','55698446725'),
('87','1','Samantha Coleman','55698446726'),
('140','1','William Ince','55698446727'),
('91','3','Audrey Jones','55698446728'),
('93','1','Boris Johnston','55698446729'),
('16','4','Jason Butler','55698446730'),
('74','1','Deirdre McDonald','55698446731'),
('131','2','Carl Quinn','55698446732'),
('44','4','Jennifer Hughes','55698446733'),
('66','1','Richard Fraser','55698446734'),
('7','4','Rachel McGrath','55698446735'),
('127','4','Alison Fisher','55698446736'),
('125','3','Lucas Mackenzie','55698446737'),
('147','2','Luke Wilkins','55698446738'),
('10','1','Megan Bell','55698446739'),
('135','1','Warren Edmunds','55698446740'),
('73','3','Grace Chapman','55698446741'),
('112','3','Jake Wilson','55698446742'),
('87','2','Karen Dyer','55698446743'),
('85','2','Yvonne Thomson','55698446744'),
('56','4','Sophie Gill','55698446745'),
('51','1','Robert Cornish','55698446746'),
('127','3','Luke Martin','55698446747'),
('5','3','Gavin Pullman','55698446748'),
('6','4','Edward Terry','55698446749'),
('45','2','Diane Black','55698446750'),
('58','2','Jake Morgan','55698446751'),
('135','4','Yvonne Churchill','55698446752'),
('97','3','Dorothy Johnston','55698446753'),
('74','4','Lisa Berry','55698446754'),
('45','2','Leah Nolan','55698446755'),
('40','4','Carolyn Lewis','55698446756'),
('144','2','Simon Ball','55698446757'),
('140','4','Charles Nolan','55698446758'),
('4','4','Sophie Wilkins','55698446759'),
('63','4','Kimberly James','55698446760'),
('18','2','Madeleine Ellison','55698446761'),
('116','1','Irene MacLeod','55698446762'),
('67','2','Cameron Taylor','55698446763'),
('128','3','Liam Gibson','55698446764'),
('59','2','Donna Knox','55698446765'),
('133','1','Piers Morgan','55698446766'),
('84','4','Phil Randall','55698446767'),
('35','2','Ryan White','55698446768'),
('149','2','Kylie Howard','55698446769'),
('99','4','Fiona Bell','55698446770'),
('142','4','Simon Walsh','55698446771'),
('96','4','Jasmine Miller','55698446772'),
('121','2','Liam Brown','55698446773'),
('14','1','Trevor Parr','55698446774'),
('131','4','Deirdre Pullman','55698446775'),
('135','2','Ava Coleman','55698446776'),
('149','3','Dorothy Thomson','55698446777'),
('48','4','Lisa Knox','55698446778'),
('91','1','Ruth Campbell','55698446779'),
('2','3','Dominic Parr','55698446780'),
('16','1','Dominic Lewis','55698446781'),
('87','3','Benjamin Grant','55698446782');

desc status_entrega;
insert into status_entrega (situacao) values ('entregue'), ('a caminho'), ('dest.ausente'), ('prod.sinistrado');
select * from endereco_entrega;